term,estimate
fixed_acidity,0.09395715441584133
volatile_acidity,-2.824450553643554
citric_acid,0.7131841668151799
residual_sugar,0.18535328678794932
chlorides,-9.469334264615892
free_sulfur_dioxide,0.004540375840946956
total_sulfur_dioxide,-0.01795618518431619
density,-101.0904316609737
ph,-0.8673275741097467
sulphates,3.0695053881625878
alcohol,0.8187824913467933
